CourseID,CourseName,CourseCategory,RecommendationCount
CR00017,SEO Mastery,Marketing,1215
CR00035,Cyber Threat Intelligence,Cybersecurity,1155
CR00010,3D Modeling,Design,1030
CR00036,Agile Project Management,Project Management,924
CR00009,Web Design Fundamentals,Design,862
CR00026,Intro to Machine Learning,Machine Learning,723
CR00059,Affiliate Marketing,Digital Marketing,631
CR00016,Digital Marketing,Marketing,611
CR00014,Sales Mastery,Business,526
CR00019,Content Marketing,Marketing,417
CR00058,Social Media Strategy,Digital Marketing,409
CR00048,AI Ethics,Artificial Intelligence,287
CR00032,Ethical Hacking,Cybersecurity,267
CR00033,Cybersecurity Fundamentals,Cybersecurity,261
CR00013,Finance for Startups,Business,257
CR00020,Email Marketing,Marketing,257
CR00043,Corporate Finance,Finance,250
CR00022,Data Visualization,Data Science,246
CR00021,Data Analysis with Python,Data Science,233
CR00007,UI/UX Design,Design,221
CR00023,Machine Learning Fundamentals,Data Science,220
CR00050,Computer Vision,Artificial Intelligence,210
CR00031,Network Security,Cybersecurity,188
CR00042,Investment Strategies,Finance,185
CR00053,React for Beginners,Web Development,184
CR00003,C++ for Beginners,Programming,169
CR00006,Graphic Design Basics,Design,164
CR00060,Content Creation,Digital Marketing,160
CR00008,Photoshop Mastery,Design,158
CR00012,Business Strategy,Business,151
CR00002,Java Programming,Programming,139
CR00038,Risk Management,Project Management,137
CR00054,Backend Development with Node.js,Web Development,130
CR00046,AI for Beginners,Artificial Intelligence,130
CR00037,Scrum Essentials,Project Management,130
CR00027,Neural Networks,Machine Learning,129
CR00001,Python Basics,Programming,129
CR00055,Full-Stack Web Development,Web Development,127
CR00004,Advanced Python,Programming,126
CR00030,Reinforcement Learning,Machine Learning,120
CR00052,JavaScript Mastery,Web Development,120
CR00005,Full Stack Development,Programming,104
CR00049,Deep Learning,Artificial Intelligence,100
CR00034,Data Encryption,Cybersecurity,85
CR00025,Statistical Analysis,Data Science,84
CR00018,Social Media Marketing,Marketing,69
CR00047,Natural Language Processing,Artificial Intelligence,69
CR00051,HTML & CSS,Web Development,65
CR00057,SEO for E-commerce,Digital Marketing,58
CR00028,Deep Learning,Machine Learning,54
CR00041,Financial Accounting,Finance,53
CR00056,Google Ads Mastery,Digital Marketing,46
CR00044,Personal Finance,Finance,44
CR00011,Entrepreneurship 101,Business,43
CR00024,Big Data Analytics,Data Science,39
CR00040,Leadership in Projects,Project Management,29
CR00045,Financial Modeling,Finance,26
CR00029,Natural Language Processing,Machine Learning,25
CR00015,Leadership Essentials,Business,13
CR00039,Project Planning,Project Management,6
